拼音韵母	韵部数	作者	方案（著作）名称	a/ia/ua	o/uo	e	ie	üe	ou	iu (iou)	u	ü	i	-i[ɿ]	-i[ʅ]	ei/ui (uei)	ai/uai	ao	iao	an	uan	üan	ian	ang	iang	uang	en	un (uen)	ün (üen)	in (ien)	eng	ueng	ing	ong/iong	ê	er
注音韵母				ㄚ / ㄧㄚ / ㄨㄥ	ㄛ / ㄨㄛ	ㄜ	ㄧㄝ	ㄩㄝ	ㄡ	ㄧㄡ	ㄨ	ㄩ	ㄧ	ㄭ	ㄭ	ㄟ / ㄨㄟ	ㄞ / ㄨㄞ	ㄠ	ㄧㄠ	ㄢ	ㄨㄢ	ㄩㄢ	ㄧㄢ	ㄤ	ㄧㄤ	ㄨㄤ	ㄣ	ㄨㄣ	ㄩㄣ	ㄧㄣ	ㄥ	ㄨㄥ	ㄧㄥ	ㄨㄥ / ㄩㄥ	ㄝ	ㄦ
1922	24	赵元任	国音新诗韵	阿	哦	呃	些		欧		乌	迂	衣	思	日	ㄟ	嗳	凹		安	烟			肮			恩	温	氲	音	鞥	(翁)	鹰	翁	ㄝ	而
1922	20	赵元任※	国音新诗韵	阿	哦	呃	些		欧		乌	迂	衣	思日		ㄟ	嗳	凹		安烟				肮			恩温		氲音		鞥	(翁)	鹰	翁	ㄝ	而
1934	17	黎锦熙	佩文诗韵	麻	波	歌	皆		侯		模	鱼	齐	支		微	开	豪		寒				唐			痕				庚			东	-	儿
1937	13	张洵如	北平音系十三辙	发花	梭坡		乜斜		油求		姑苏	一七				灰堆	怀来	遥条		言前				江阳			人辰				中东				-	（一七）
1941	17	魏建功	中华新韵	麻	波	歌	皆		侯		姑	鱼	齐	支		微	开	豪		寒				唐			痕				庚			东	-	儿
1943	13	罗常培	北京俗曲百种摘韵	发花	梭波		乜斜		油求		姑苏	一七				灰堆	怀来	遥条		言前				江阳			人辰				中东				-	（一七）
1957	17	王慧三	汉语诗韵	麻	波	歌	皆		侯		模	鱼	齐	支		微	开	豪		寒				唐			痕				庚			东	-	儿
1959	21	张允和	诗歌新韵	啊	啊	婀	诶		欧		乌	迂	衣	日		欸	哀	凹		安		烟		肮			恩		晕	因	鞥		英	嗡	-	儿
1959	18	张允和※	诗歌新韵	啊	啊	婀	诶		欧		乌	迂	衣	日		欸	哀	凹		安烟				肮			恩		晕因		鞥英			嗡	-	儿
1965	17	中华书局/上海古籍	诗韵新编	麻	波	歌	皆		侯		姑	鱼	齐	支		微	开	豪		寒				唐			痕				庚			东	-	儿
1966	11	黎锦熙	诗歌新韵辙四种调研	麻	波		皆		侯				支				开	豪		寒				唐			痕				庚				-	（支）
1975	16	秦似※	现代诗韵	花	波	歌	些		收		姑	居	衣			飞	开	山				天		方			根				声			东	-	（衣）
1978	13	李兆同	新诗韵	啊	喔		耶		欧		乌	姑苏				欸	哀	熬		安				昂			恩				亨				-	（衣）
1978	26	张正体	新韵汇	麻	和	歌	皆		侯	尤	模	鱼	齐	支		微	咍	豪	萧	寒	桓	先		唐	江	光	真	文	侵		庚		青	东	（皆）	（歌）
1978	18	张正体※	新韵汇	麻	和	歌	皆		侯尤		模	鱼	齐	支		微	咍	豪萧		寒桓		先		唐江光			真文侵				庚青			东	（皆）	（歌）
1979	13	秦似	现代诗韵	花	歌		些		收		姑	衣				飞	开	高		山				方			根				东				-	（衣）
1984	10	高元白	新诗韵十道辙儿	发	歌		写		斗			诗					来	高		战				唱			风								-	（诗）
1985	16	王力	汉语语音史	麻沙	梭波	车遮	乜斜		由求		姑苏	居鱼	衣期	支思		灰堆	怀来	遥迢		言前				江阳			人辰				中东				-	（支思）
1987	16	吕晴飞	新诗用韵手册	花	魔	鹅	街		鸥		书	鱼	衣			梅	台	猫		潭				裳			文				灯			冬	（街）	儿
1987	11	吕晴飞※	新诗用韵手册	花	魔鹅		街		鸥书			鱼衣儿				梅	台	猫		潭				裳			文灯冬								（街）	儿
1988	14	王曾	现代汉语诗韵新编	啊	喔		耶		欧		乌	迂	衣			微	哀	熬		安				昂			恩				东				-	（衣）
1989	13	张保先	词林新韵	发花	波歌		皆学		侯求		姑苏	支齐				飞堆	开怀	豪条		言前				唐江			人辰				庚东				-	（支齐）
1989	14	白雉山	汉语新诗韵	佳	和		谐		求		夫	须	诗			唯	排	劳		安				章			音				功				-	（诗）
1990	14	吴立冈	新华诗韵	家麻	波歌		月斜		尤侯		姑模	齐鱼		支思		灰微	怀来	萧豪		寒先				江阳			真文				东庚				-	（支思）
1991	17	尹贤	诗韵手册	麻	波	歌	皆		尤		模	鱼	齐	支		微	开	豪		寒				唐			痕				庚			东	-	儿
1992	14	黄宝文	中华诗词今韵	阿	喔	屙			欧		乌	衣				威	哀	熬		安				航			恩				英			翁	-	（衣）
1995	12	朱宝全	中华新韵铺	啊	喔				欧		乌		衣			欸	哀	熬		安				肮			恩				鞥				-	（衣）
1995	16	朱宝全※	中华新韵铺	啊	喔	鹅	皆		欧		乌	迂	衣			欸	哀	熬		安				肮			恩				鞥			㕬	-	（衣）
1996	9	李慎行	诗韵新探	发	乐				斗			诗					来	高		战				唱			风								-	（诗）
1999	20	彭颂声	彭颂声诗词对联	花	坡	歌	雪		(坡)	秋	苏	齐				飞	百	笑		堪		千		放			(东)	春		迎	东		(迎)	东	-	（歌）
2000	21	朱光林	现代汉语新韵	啊	喔	饿	耶	约	欧		乌	迂	衣			欸	哀	熬		安		冤	烟	昂			恩			因	亨		英	轰	-	饿
2002	15	星汉	今韵略说	啊	喔	鹅			欧		乌	迂	衣			欸	哀	熬		安				昂			恩				英			雍	-	（衣）
2002	16	高亦涵	简化统一诗韵	华	卓	德	确		厚		福	煦	义			维	采	好		汉				光			仁				风			中	-	（义）
2004	14	卢甲文	新华诗韵	麻花	拖车		节约		头油		姑苏	衣鱼		师资		飞归	台怀	包教		山川				阳光			人群				晴空					（师资）
2004	16	林端	历代诗韵沿革	啊	喔		耶		欧		乌	迂	衣	日		威	哀	熬		安				昂			恩				翁			雍	-	儿
2004	12	林端※	历代诗韵沿革	啊	喔		耶		欧		乌	迂衣日				威	哀	熬		安				昂			恩翁雍								-	儿
2004	17	谢德馨	中华新韵	麻	波	歌	皆		侯		模	鱼	齐	支		微	开	豪		寒				唐			痕				庚			东	-	儿
2004	19	盖国梁	中华韵典	佳	波	歌	皆		尤		无	鱼	齐	支		微	开	萧		仙				江			真		侵		庚		青	东	-	儿
2004	14	中华诗词学会	中华新韵（十四韵）	麻	波		皆		尤		姑	齐		支		微	开	豪		寒				唐			文				庚					
2005	14	秋枫	中华实用诗韵	啊	鹅		耶		欧		乌	衣			支	威	哀	熬		安				昂			恩				庚				-	（支）
2005	19	洪柏照	中华新韵府	麻	波	歌	些		尤		乌	鱼	齐	支		微	开	豪		寒				阳			真		侵		庚		青	东	（些）	（歌）
2006	18	杨发兴	中华今韵	啊	窝	鹅	耶		欧		乌	迂	衣	思	知	威	哀	熬		安				昂			恩				翁			雍	（耶）	儿
2006	14	杨发兴※	中华今韵	啊	窝鹅		耶		欧		乌	迂衣		思知		威	哀	熬		安				昂			恩				翁雍				-	儿
2006	16	杜肇昆	中华新韵（十六韵）	茶花	婆娑		斜街		秋收		姑苏	鱼居	希奇	思之		回归	苔柴	逍遥		南山				苍黄			春分				东风				-	耳儿
2007	12	马志伟	十三辙新韵书	麻沙	梭波		乜斜		由求			衣期				灰堆	怀来	遥迢		言前				江阳			人辰				中东				-	（衣期）
2009	15	郭戌华	新诗声律初探	阿	歌		约		欧		屋	衣		资	支	威	嗳	嗷		安				昂			恩				翁				-	儿
2011	14	赵京战	中华新韵	麻	波		皆		尤		姑	齐		支		微	开	豪		寒				阳			真				庚				-	（齐）
2012	17	彭春生	新韵谱	花	波	歌	些		收		姑	居	衣			飞	开	高		山		天		方			根				声			东	-	-
2019	14	张玉来	汉语新诗韵书	麻	波				侯		模	鱼	齐	支		微	开	豪		寒				唐			痕				东				（微）	儿
2019	13	张玉来※	汉语新诗韵书	麻沙	梭波				尤求		姑苏		衣期	支思		灰堆	怀来	遥迢		言前				江阳			人辰				中东				（灰堆）	（梭波）
2019	15	中华诗词学会	中华通韵	啊	喔	鹅			欧		乌	迂	衣			欸	哀	熬		安				昂			恩				英			雍	-	儿
