#形近字	#常用字	#简化字
垻埧	垻	坝
寳寶	寶	宝
綳繃	綳	绷
幣幤	幣	币
飆飇飈	飆	
賓賔	賓	宾
儐𭀀	儐	傧
濱濵	濱	滨
擯𢷤	擯	摈
殯𣩵	殯	殡
臏𬛜	臏	膑
餅餠	餅	饼
駁𩢃	駁	驳
慙慚	慚	惭
厠廁	厠	厕
饞馋	饞	馋
纏纒	纏	缠
產産	産	产
懴懺	懺	忏
腸膓	腸	肠
鱨𩼝	鱨	鲿
齓齔	齔	龀
䜟讖	讖	谶
鉏鋤	鋤	锄
刱剏剙	創	创
鶿鷀	鷀	鹚
騘驄	驄	骢
聦聰	聰	聪
鹺𪉵	鹺	鹾
㠀島	島	岛
顚顛	顛	颠
巓巔	巔	巅
㸃點	點	点
澱𣾮	澱	淀
墮隳𡐦	墮	堕
髪髮	髮	发
廢癈	廢	废
鳯鳳	鳳	凤
鳧鳬	鳬	凫
葢蓋	蓋	盖
幹榦𠏉	幹	干
戅戇	戇	戆
媯嬀	嬀	妫
葒葓	葒	荭
壷壺	壺	壶
鸌𪇡	鸌	鹱
華蕐	華	华
謊𧧢𧧮	謊	谎
彙彚	彙	汇
㑹會	會	会
繢繪𦅩	繪	绘
穫𮒗	穫	获
獲𫉬	獲	获
㡬幾	幾	几
襇襉𧟉	襇	裥
簡𥳑	簡	简
劍劒劔	劍	剑
㵎澗	澗	涧
奬獎	奬	奖
緊𦂳	緊	紧
鶄𪂴	鶄	䴖
鬮𨷺	鬮	阄
鷲𩀻𪆩	鷲	鹫
愳懼	懼	惧
䳌鵑	鵑	鹃
絕絶	絶	绝
殻殼	殻	壳
寛寬	寬	宽
虧𧇊𧇾	虧	亏
壼𠁕	壼	壸
賚𧶘	賚	赉
擥攬	攬	揽
厯歴歷𠪱	歷	历
藶𮒃	藶	苈
䴡麗	麗	丽
瀝𤁋	瀝	沥
櫪𭬒	櫪	枥
癧𤻤𭼰	癧	疬
靂𩆝	靂	雳
聮聯	聯	联
獵𤢪	獵	猎
劉𭄘	劉	刘
瀏𤄉	瀏	浏
餾𩞷	餾	馏
騮驑骝	騮	骝
飀飅飗	飀	飗
鶹鹠𪅳	鶹	鹠
㰍櫳	櫳	栊
朧𦢫	朧	胧
礱礲	礱	砻
鸕𪈒	鸕	鸬
錄録	録	录
㝈孿	孿	孪
綠緑	緑	绿
罵駡	駡	骂
貿𧵍𧶝	貿	贸
麼麽	麽	么
濛𪷟	濛	蒙
綿緜	綿	绵
麪麫麵	麵	面
㓕滅	滅	灭
鮎鯰	鮎	
寕寧	寧	宁
䳼鴎鷗	鷗	鸥
龎龐	龐	庞
駢騈	駢	骈
嬪𡣕	嬪	嫔
啓啟	啓	启
籖籤	籤	签
嬙𡣰	嬙	嫱
檣𣞱	檣	樯
繈繦鏹	鏹	镪
竊𥩈𥩓	竊	窃
㷀煢𠙦	煢	茕
慤𢡱	慤	悫
譲讓	讓	让
熱𤍠	熱	热
銳鋭𨦣	鋭	锐
傘𠍘	傘	伞
䘮喪	喪	丧
賒賖	賒	赊
溼濕	濕	湿
諡謚	謚	谥
竪豎	竪	竖
䨇雙	雙	双
說説	説	说
䤹鎪	鎪	锼
嵗歲	歲	岁
嘆歎	嘆	叹
鐡鐵	鐵	铁
㕔廳	廳	厅
頹頽	頽	颓
䭾馱	馱	驮
襪韈韤	襪	袜
為爲	爲	为
溈潙	潙	沩
偽僞	僞	伪
衛衞	衛	卫
穏穩	穩	稳
䳱鶩	鶩	鹜
壐璽	璽	玺
䦧鬩	鬩	阋
癇癎𤺛	癇	痫
鄉鄕	鄉	乡
鈃銒	鈃	钘
訩詾	訩	讻
籲𥸤	籲	吁
廯癬	癬	癣
顏顔	顔	颜
様樣	樣	样
嶢嶤𡸳	嶢	峣
謠謡	謡	谣
燁𤍞	燁	烨
陰隂	陰	阴
飮飲	飲	饮
甖罌	罌	罂
穎頴	穎	颖
員貟	員	员
圎圓	圓	圆
逺遠	遠	远
閱閲	閲	阅
輼轀	輼	辒
醖醞	醖	酝
緼縕	緼	缊
藴蘊	藴	蕴
賛贊	贊	赞
鄼酇	酇	酂
臓臟	臟	脏
鑿𨯳	鑿	凿
凙澤𤢟	澤	泽
譖譛𧮂	譖	谮
輒輙	輒	辄
鎭鎮	鎮	镇
徴徵	徵	征
隲騭𨽥	騭	骘
晝𦘙	晝	昼
貯𫎓	貯	贮
緫總	總	总
纉纘	纘	缵
鑚鑽	鑽	钻
絺𥿭	絺	𫄨
蒍蔿	蔿	𫇭
魮鮆	鮆	𫚖
輏輶	輶	𬨎
鍭𨩀	鍭	𬭤
寑寝寢	寢	寝
勲勳	勛	勋
併倂𠊧	併	并
崐崑		昆
崘崙	侖	仑
暤暭曍	暤	
忩怱悤	匆	
鬷𩱛	鬷	
孳孶	孳	
兹茲	兹	
梲棁	棁	
㧓抓	抓	
煑煮	煮	
籀籒	籀	
冑胄	胄	
呪咒	咒	
炙𬉹	炙	
豸𪺏	豸	
茝茞	茝	
汦泜	泜	
㫖旨	旨	
脂𮌖	脂	
栀梔	栀	
挣掙	挣	
筝箏	筝	
狰猙	狰	
峥崢	峥	
争爭	争	
眞真	真	
罩𦋇𦋐	罩	
㫋旃	旃	
柵栅𣑭	栅	
剳劄	劄	
罾𦌘	罾	
増增	增	
蚤𧎮	蚤	
奘𤞛	奘	
簪簮𬖂	簪	
災灾	灾	
拶桚	拶	
蕰薀	蕰	
愠慍	愠	
勻匀	匀	
煴熅	煴	
氲氳	氲	
㵸瀹	瀹	
粤粵	粤	
恱悅悦	悦	
冤寃𡨚	冤	
庾𢈔	庾	
俁俣	俣	
畬畲	畬	
娛娱	娱	
槱𣜃𪳝	槱	
勇勈勇	勇	
㙲壅	壅	
胤𠉥𦙌𦙍	胤	
㦤懿	懿	
肄肆	肆	
彛彝	彝	
曳曵	曳	
燿耀	耀	
瑤瑶	瑶	
遙遥	遥	
搖摇	摇	
窑窯窰	窑	
焰熖	焰	
彥彦	彦	
琰𤥎	琰	
兖兗	兖	
研硏	研	
妍姸	妍	
䝟猰	猰	
巺巽	巽	
薛辥辪	薛	
玄𤣥	玄	
溆漵潊	溆	
叙敍敘	叙	
冔𠳲	冔	
嘘噓	嘘	
虚虛	虚	
滫𣺫	滫	
夐敻	夐	
胷胸	胸	
邢郉	邢	
夑燮爕	燮	
㳿渫𠗨	渫	
卸缷	卸	
勰𢣢	勰	
厢廂	厢	
祅祆	祆	
罅𦉑	罅	
潟澙	潟	
隙𨻶	隙	
舃舄	舄	
觽觿	觿	
燨爔	爔	
熈熙	熙	
晳皙	皙	
吳吴	吴	
汙汚污	污	
卧臥	卧	
温溫	温	
㤀忘	忘	
㒺罔	罔	
亡亾	亡	
㒬尩尪尫	尪	
晥皖	皖	
晚晩	晚	
腽膃	腽	
袜𧙕	袜	
脫脱	脱	
吞呑	吞	
蛻蜕	蜕	
兎兔	兔	
禿秃	秃	
朓脁	朓	
塡填	填	
嚏嚔𡁲	嚏	
套𡘷	套	
鼗𪔛	鼗	
覃𫟛𮗂	覃	
飧飱	飧	
筭算𥮅	算	
簌𫂙	簌	
䔩蓛蔌𦵪	蔌	
速𨒪	速	
嗽𠻳	嗽	
瞍𥈃𥈟	瞍	
溲𣸈	溲	
悚𢙀	悚	
厮廝	厮	
稅税	税	
漱潄	漱	
朮术	术	
黍𮮐𮮑	黍	
毹毺	毹	
䟽疎疏踈	疏	
襫𧞲	襫	
弑弒	弑	
虱蝨	虱	
剩剰	剩	
眚𤯝	眚	
愼慎	慎	
涉渉	涉	
上𠄞	上	
潸澘	潸	
姍姗𡜜	姗	
删刪	删	
卅𠦃	卅	
爇𤑔	爇	
弱𢐅	弱	
刃刄	刃	
冄冉	冉	
髥髯	髯	
蚦蚺	蚺	
券劵	券	
圈圏	圈	
朐胊	朐	
銎𨥲	銎	
蛩𧉨	蛩	
笻筇	筇	
卭邛	邛	
㯳檠	檠	
淸清	清	
靑青	青	
敲𫾣	敲	
強强	强	
戕杙𢍿𣏾		
羌羗𦍑	羌	
䖍虔	虔	
掐搯	掐	
噐器	器	
杞𣏌	杞	
屺𡴾𡵆	屺	
芑𦬊	芑	
棊棋	棋	
凄淒	凄	
屏屛	屏	
帡帲	帡	
娉𡞲	娉	
胼腁	胼	
痞𪪓	痞	
圮圯𡉏	圮	
貔𤠞𧴀	貔	
埤𡌨	埤	
毗𣬈	毗	
蟚蟛	蟛	
斾旆	旆	
炮砲	炮	
抛拋	抛	
逄逢	逢	
滂𣶢	滂	
抝拗𫼡	拗	
佞侫	佞	
凝𤁒	凝	
寗甯𡩋𪧟	甯	宁
櫱蘖	蘖	
糱糵	糵	
孼孽	孽	
涅湼𣵀	涅	
陧隉	陧	
捏揑	捏	
卄廿	廿	
內内	内	
硇𥒚	硇	
䶺朒肭	肭	
吶呐	呐	
穆𥠇	穆	
歿殁	殁	
篾𥯣	篾	
蔑𫈦	蔑	
羋芈𦬒	芈	
幪𢄐	幪	
蒙𫎇	蒙	
湄𣽪𣾨	湄	
嵋𡼴	嵋	
郿𨞅	郿	
眉睂	眉	
沒没	没	
皃貌	貌	
茆𦯄	茆	
猫貓	猫	
莽莾	莽	
邙𠨑	邙	
脈脉	脉	
蟆蟇	蟆	
痲痳麻	麻	
侣侶	侣	
吕呂	吕	
雒𨿅	雒	
卵𡖉	卵	
祿禄	禄	
淥渌	渌	
陋𨹟	陋	
遛𨖻	遛	
罶羀𮊚	罶	
柳桺	柳	
瘤癅	瘤	
榴橊	榴	
留畱	留	
溜澑	溜	
凌淩	凌	
懍懔	懔	
廩廪	廪	
凛凜𠘟	凛	
鬛鬣𩮻	鬣	
䝤獠	獠	
粱𥹭	粱	
犁犂	犁	
梨棃	梨	
狸貍𧴔	狸	
朖朗	朗	
郎郞	郎	
髠髡	髡	
䕫夔䕫	夔	
况況	况	
筐𥮟	筐	
欵款𣢾	款	
㓂宼寇𡨥	寇	
窠窼𭔐	窠	
侃𠈉	侃	
刊刋	刊	
幵开	开	
玃貜	玃	
爵𩰥	爵	
橛橜	橛	
崛崫	崛	
卷巻	卷	
舅𦥶	舅	
厩廄廏廐	厩	
迥逈	迥	
冏囧	冏	
静靜	静	
净凈浄淨	净	
荆荊	荆	
瑨𤨁	瑨	
晉晋𣈆	晋	
堇菫	堇	
卺巹𢀷𢀿𢁇𨚡	卺	
屆届	届	
截𢧵	截	
睫𥈤	睫	
婕媫	婕	
㨗捷	捷	
杰𤇍	杰	
醮𬋕	醮	
敎教	教	
叫呌	叫	
脚腳	脚	
鞬𮧨	鞬	
僣僭	僭	
戩戬	戬	
斚斝	斝	
暨曁	暨	
既旣	既	
㦸戟	戟	
掎𢰤	掎	
即卽	即	
稽𥡴	稽	
笄筓	笄	
唧喞	唧	
豁𧯆	豁	
䰟魂	魂	
毀毁	毁	
洄𭰁	洄	
囘回	回	
虺𡯥𧉇	虺	
黃黄	黄	
焕煥	焕	
涣渙	涣	
唤喚	唤	
换換	换	
奂奐	奂	
狟貆	貆	
萑雈𦻃𦼉	萑	
獾貛	獾	
冱沍	冱	
戶户戸	户	
觳𣫅	觳	
堠𭏒	堠	
候𠉀𠋫	候	
㺅猴	猴	
弘𢎞	弘	
横橫	横	
恆恒	恒	
凅涸	涸	
皞皡皥	皞	
晧皓	皓	
嗥嘷噑	嗥	
澣瀚	瀚	
滚滾	滚	
衮袞	衮	
庋𢇮	庋	
嶲巂雋	嶲	
瓜𤓰	瓜	
鼓鼔	鼓	
罟𦊙𮊁	罟	
耇耈耉	耇	
狗豿	狗	
苟茍	苟	
宫宮	宫	
羮羹	羹	
亘亙	亘	
吿告	告	
藁藳	藁	
稾稿	稿	
槔槹橰	槔	
高髙	高	
皋皐臯	皋	
概槪	概	
溉漑	溉	
改攺	改	
峯峰	峰	
丰𡴀	丰	
朏胐	朏	
妃𡚱	妃	
凡凢	凡	
峨峩	峨	
娿婀	婀	
垛垜	垛	
朵朶	朵	
兌兑	兑	
睹覩	睹	
兜兠𠙧	兜	
叠曡疊	叠	
吊弔	吊	
殿𣪫	殿	
砥𬒀	砥	
厎底	底	
坁坻	坻	
登豋	登	
盗盜	盗	
耼聃	聃	
㸑爨	爨	
葱蔥	葱	
淳湻𤂸	淳	
窓窗	窗	
蹰躕	蹰	
㕑厨廚	厨	
臭𦤀	臭	
叱𠮟𫜸	叱	
嗤𫪻	嗤	
乗乘	乘	
廛𢋨	廛	
刹剎	刹	
汊𮳃	汊	
杈𭩚	杈	
曽曾	曾	
䇿策	策	
冊册𠕋	册	
蚕𧉕	蚕	
釆采	采	
步歩	步	
簸𥳽	簸	
剝剥	剥	
并幷	并	
禀稟	禀	
昞昺	昺	
豳𡺳	豳	
別别	别	
箆篦	篦	
弊獘𡚁	弊	
痹痺𤷒	痹	
弻弼	弼	
畀𢌿	畀	
俾𢔌	俾	
匕𠤎	匕	
崩𡹔	崩	
畚𤲙	畚	
鞴𩍁	鞴	
裦褒襃	褒	
拌拚𢬵	拌	
覇霸	霸	
奥奧	奥	
㘭坳	坳	
媪媼	媪	
翱翺	翱	
㠂嶅	嶅	
昂昻	昂	
犴豻	犴	
鞌鞍	鞍	
挨𢰇	挨	
䘏卹	恤	
叡𠮈𠮏	睿	
噆𠾱𡄋	噆	
㙧塯	塯	
塽𡑽	爽	
旙旛	幡	
倢偼	倢	
儧儹	儹	
刉刏	刉	
鄣障		
枏柟栴楠		
冽洌		
郄郗		
祇祗		
埸場塲		
么幺		
尵𮱣		
䶹屮		
㠖嶬		
㠑嶵		
㡡幮		
廇𢊺		
廌𢊁		
憪𢢀		
㦧憯		
懪𢥑		
戺𢨪		
抇𢪏		
抌𢪚		
揫𢱀		
㩁搉		
敂𢼒		
㲀敐		
敤𢻔		
剒斮𢧉𣃀		
暀𣈧		
曚𣋡		
杇𣏓		
㮰棇		
㮞楶		
㮣槩		
樇𣘀		
樕𣙙		
欛𣠽		
殀𣧕		
殈𮕞		
涆𣵼𭱌		
潗𬄕		
濊𣿄		
濬𤀹		
灂𠘣		
灊𤄵𤅬		
熸𤏖		
㷸爗		
㸏爢		
牆𤖠		
㹪狦		
㲄瑴		
璿𤪽		
禲𧞵		
禸𠘯		
稭𥟠		
穳𥣶		
窌𥥹		
㝣窫		
篃𥴔		
簆𥲃		
簙𥴮		
籋𥷄		
糳𥽦		
綅𦃌		
䋣緐		
罥𦊰𦋀		
翑𦐛		
耴𦔮		
䐇脗		
臲𦤞		
䑙舑𲻑		
舝𤛉		
芁𦫶𦫷		
䒗芞		
莑𦮔		
菣𦱽		
蘤𤾡		
虡𧇀		
虩𧈅		
蛖𧊑		
蟵𧔋		
蠙𧓍		
蠯𢌆		
蠵𧔍		
衁𥁃		
襳𧞬		
觛𧣞		
謈𧬉𧭤		
譔𧩿		
趓𧻞		
躠𨇨𮜧		
躤𨆮		
鄇𨜫		
醡𨢧		
錔𨪫		
鎁𮢄		
鎞𲇚		
䥴鑴		
霒𩃬		
霤𩅸		
䩦鞗𠌙		
韎𩎟		
韡𩏧		
韸𩐨		
頯𩓚		
颹𩘚		
馵𩢓		
馽𩡳𩢏		
駽𩢺		
騣𩦲		
鬉𩯣		
鬵𩰿𩱕		
䱥鯯		
鰬𩺇		
鸀𪇆		
鸂𤄬		
齆𪖵		
㕙𠬍		
㘽㦳		
㘿𡍤		
㚟𡙟𤟭		
㛂𡛖𡜮		
㝅𣫌		
㮇𣕊		
㲲𬇇		
㵩𦻜		
䁮𥋋		
䉶𥸌		
䐶𣎯		
䑔𤽌		
䚎𧢆		
䛁𧦦		
䜉𧬠		
䝄𧰤		
䝌𧱝		
䡯𨍉		
䢆䢇𡭋		
䰖𩯳		
䶉𪕋𪕚		
𠧟𠧱		
𠵄𦊯		
𢂛𢂤		
𢉛𢊕		
𢥠𢥵		
𢬳𣒇		
𣦷𣧖		
𣯼𣰮		
𤒅𪚱		
𥇛𥈜		
𦍙𦍲		
𦭎𦭭		
𦯘𦱏𦲯		
𨇯𨈂		
𨋁𨋚		
𨋖𨌡𨍸		
𨙔𨙦		
𩅉𩅧		
𩆓𲊒		
𩥄𩨋		
𩭾𩮤		
𪇰𪈚		
𪊥𪊨		
𪋩𪎭		
𪓟𪓠		
鬜鬝		
闘鬬鬭𩰚	鬥	斗
鴂鴃		
鵔鵕		
鷆鷏		
霡霢		
軿輧		
辵辶		
鋄錽		
讆讏		
豜豣		
賷齎		
躗躛		
菑葘		
蒀蒕		
蓘蔉		
蕵薞		
蚔蚳		
襆襥		
疧疷		
砅砯		
籞蘌		
緪縆		
緵繌		
羇覉		
朣膧		
榝樧		
橤蘂		
潀潨		
旊瓬		
窽窾𥧾		
柹栜𣐈		
䍘冞罙		
卨禼𥜽𫧯		
厔庢		
嗺嶉		
塈墍		
塚塜		
壜罈		
婾媮		
嵏嵕		
嵷嵸		
嶻巀		
忕忲		
忯怟		
惽棔		
揯搄		
揾搵		
攈攟		
丱卝		
鴥鴧鴪		
覵覸		
囪囱	窗	
牎牕	窗	
兇𠒋	凶	
踨蹤		
㫤昶		
凂浼		
趍趨		
楡榆	榆	
俎爼	俎	
璵𤫌	璵	玙
恥耻	耻	
類𩔖𩔗𩔧𩔫	類	类
㽗畆畒畞𤱑	畝	亩
懐懷	懷	怀
壊壞	壞	坏
怪恠	怪	
㤙恩	恩	
鑌𨮘	鑌	镔
珍𤤽	珍	
凖準	準	准
篡簒	篡	
糤饊	饊	馓
繖𢄻𦇕	傘	伞
圝圞𪢮	圞	
健徤	健	
俲傚	效	
皁皂	皂	
㳂沿	沿	
槖橐		
鈆鉛	鉛	铅
烟煙	烟	
蹮躚	躚	跹
㮶搠槊	槊	
咢萼蕚𠵛	萼	
䳘鵝	鵝	鹅
嬤嬷		
瑣𤨏	瑣	琐
鎖鎻	鎖	锁
插揷	插	
畊耕		
坰埛	垌	
扃扄	扃	
撐撑	撑	
靈𩆜	靈	灵
暝瞑	冥	
詗𧨝	詗	诇
搆構	構	构
餿𩜯	餿	馊
齁𪖙	齁	
紝絍		
䕃蔭	蔭	荫
贑贛	贛	赣
䌫纜	纜	缆
㕘參	參	参
驂𩥵	驂	骖
减減	减	
艶豔	艷	艳
灔灧灩	灧	滟
纎纖	纖	纤
厭猒	厭	厌
䀋鹽	鹽	盐
踊踴𨃒	踊	
蜣𧏙	蜣	
凉涼	凉	
床牀	床	
勅勑敕	敕	
憇憩	憩	
潴瀦		
悞悮	悮	
溯遡	溯	
唇脣	唇	
赶趕	赶	
贋贗	贋	赝
鎸鐫	鎸	镌
鼴鼹	鼹	
個箇	个	
刴剁	剁	
冎咼		
搭撘		
𨃚𨅞		
刼劫		
决決		
嚙囓齧	嚙	啮
毿𣯶		
㘅啣銜	銜	衔
禫𧝓		
㶑瀲	瀲	潋
箎篪		
㒿䍦		
廻迴		
䰇鬐		
岐歧		
啄噣		
㺄貐		
拏拿挐		
筱篠		
佩珮		
瑙碯		
剽勡		
醾醿		
壟壠		
撲𢷏		
斲斵		
雚鸛		
㩗擕攜	携	
嚬顰		
礆鹼		
咨諮𪡌		
余餘	余	
沈瀋		
編緶𦄒		
㶅澩		
啞瘂		
㰱歃		
䗑𧐔		
鶒鷘		
虓𮰎		
黠𭶑		
圩圱圲𱖇		
厦廈𱑝		
窟𱐑		
𭜩𰴮		
蕭𮨳		
䜶𮙔		
盾𭣽		
㪬𭣟		
亨𬽉		
勗𬀼		
裼𫀒		
𪔳𪔴		
𪑚𪒴		
羚𪋓		
𪈱𪈴		
鷅𪅃		
𩿤𳎧		
靫𩉠		
𧭕𧭣		
𧪈𧫌		
甬𧗴		
䕅𦶞		
𦪽𦪿		
𥾣𥾲𥿔		
𥶺𥷕		
礬𥖎		
𥈄𥈩		
𣕎𤲭		
𤬜𤬝		
琩瑁𤦛		
獰𤡺𤢆		
魈𤞚𧳍		
熬𤎅		
澝濘𣾈		
淵𢏮		
炎𢉘		
帶𢃄		
𡫯𥨻		
壈𡒄		
埏硟𡋺		
讗𡄴		
啵𠱀		
𠟈𠢪		
劙𠠍		
䴑𳏶		
䫲頷顑		
䫗𢝄𢝅		
䦲檐𣡞		
䝷劕質		
䕪𲼭		
㱿䐨嗀𣪊𣪎𣪗		
䎘肅		
䍥𣌅		
㨥抐		
㨍𭡞		
㢝𠫋		
驜𩣌		
䬘颵		
追頧		
濩頀		
鎯𩝢		
譣驗𣄝		
褼𮂗		
彗篲蔧𦹙		
穥𮃴		
穚𥡺𰨱		
秜𥞭		
秏𮁠		
禆裨		
祳脤		
祄衸		
他祂		
癨𭼲		
甹𦥚		
獫玁		
燣燷		
洬𣶘		
水氺		
欶𭭇		
欎鬱		
櫖𥽜		
檧𣚜𣞷		
梍𣓛		
㩮攑𫽻		
傟慃		
媲嫓𡠌		
娽𡝘		
囃𫝜		
卂迅		
勷𮠍		
僘敞		
埧垻		
